{
  "hash": "d86153c3",
  "configHash": "536241ff",
  "lockfileHash": "39ef4675",
  "browserHash": "b6baa2a6",
  "optimized": {
    "@angular/common": {
      "src": "../../../../../node_modules/@angular/common/fesm2022/common.mjs",
      "file": "@angular_common.js",
      "fileHash": "70125c43",
      "needsInterop": false
    },
    "@angular/common/http": {
      "src": "../../../../../node_modules/@angular/common/fesm2022/http.mjs",
      "file": "@angular_common_http.js",
      "fileHash": "d7bf28ac",
      "needsInterop": false
    },
    "@angular/core": {
      "src": "../../../../../node_modules/@angular/core/fesm2022/core.mjs",
      "file": "@angular_core.js",
      "fileHash": "c2c5a67f",
      "needsInterop": false
    },
    "@angular/forms": {
      "src": "../../../../../node_modules/@angular/forms/fesm2022/forms.mjs",
      "file": "@angular_forms.js",
      "fileHash": "8a86fed1",
      "needsInterop": false
    },
    "@angular/platform-browser": {
      "src": "../../../../../node_modules/@angular/platform-browser/fesm2022/platform-browser.mjs",
      "file": "@angular_platform-browser.js",
      "fileHash": "9b2b4497",
      "needsInterop": false
    },
    "@angular/router": {
      "src": "../../../../../node_modules/@angular/router/fesm2022/router.mjs",
      "file": "@angular_router.js",
      "fileHash": "f8eee863",
      "needsInterop": false
    }
  },
  "chunks": {
    "chunk-G3CAMNV2": {
      "file": "chunk-G3CAMNV2.js"
    },
    "chunk-JGZPNO5Q": {
      "file": "chunk-JGZPNO5Q.js"
    },
    "chunk-CLFKRVZH": {
      "file": "chunk-CLFKRVZH.js"
    },
    "chunk-XHMXEJF3": {
      "file": "chunk-XHMXEJF3.js"
    }
  }
}